Opportunity Name,Jaro-Winkler Similarity
CIV-New datacenter-373012,0.49380952380952375
DC Ain CERN -373044 -1GBE,0.0
Nouvelle salle Ecritel-373242,0.49556650246305417
BDF-TS-373289,0.0
TELEHOUSE PDU-373307,0.0
GKA001 HPE/Foxconn - Salesforce  - STV-SF4223G-SA - France-373457,0.37765567765567765
Gandi : Secure Cables-373602,0.5642857142857144
Projet Phibor-373780,0.4619047619047619
Euro Info-373785,0.30357142857142855
K-Runrate week 01-373908,0.49603174603174605
P-Runrate week 01-373909,0.49603174603174605
GKA001 HPE/Foxconn - Salesforce Paris - STV-SF4223G/SA - France-373934,0.3761904761904762
Mairie Aix en P-DKX3-374101,0.2865961199294533
K-Runrate week 02-374429,0.49603174603174605
P-Runrate week 02-374430,0.49603174603174605
Parlement Europeen - PX3-5886V-374443,0.4831402831402832
ORACLE - PAR8-374452,0.0
DATA 4 - DC11 -Microsoft-374454,0.0
Systeme U - Manual DR-374514,0.4976190476190476
EDF- EXAION-374877,0.0
APHP-Skynet-375047,0.4656084656084656
CC + BAIES-375082,0.0
UPMC-PX3-5460R-E2-375106,0.0
UPMC-PX3-R-375107,0.0
P-Runrate week 03-375215,0.49603174603174605
Costco -PX2-375307,0.3994708994708995
Canal + D-One-375532,0.4619047619047619
DR 32793-375612,0.0
Orpea - PX3-5730V-V2-375634,0.4532627865961199
Criteo-DA1-375855,0.3011204481792717
HISI-PX3-1842V + TS-376101,0.0
K:Thales France: Atlantik: REG-42380--376110,0.4707792207792208
Systeme U - Manual DR-01-02-2021-376300,0.48083028083028084
ADP-376303,0.0
CLS-KVM + RACK-376332,0.0
Systeme U - Manual DR-02-02-2021-376480,0.48083028083028084
GKA002 - Interxion - Datelec / Mercury - Microsoft - France-376747,0.4633477633477634
GKA001 Foxconn - HPE- Salesforce - STV-SF4223G/SA - France --376789,0.3770433546552949
SP - Viasat - Viasat 3 Paris - InterXion - STV 6503J/C2WG36TE-4PAE2M66-376916,0.37806637806637805
SP - Viasat - Viasat 3 Marseille- Interxion- STV 6503J - France- LDCSI 376928,0.37445887445887444
M: Viasat - Viasat 3 - Marseille - Interxion- cabinets - France -LDCSI 377088,0.37445887445887444
TOTAL- PDU-377240,0.0
K-Runrate week 05-377244,0.49603174603174605
P-Runrate week 05-377245,0.49603174603174605
MSFT CAC PAR8-377284,0.0
MSFT CAC PAR8 - Minkels with suspensions-377286,0.49746707193515705
MSFT CAC PAR8 - Minkels-377286-377287,0.38996138996139
CAF 13-KVM-377296,0.0
EUro Info -PDU SDT-377574,0.3942857142857143
Criteo -AM5-377608,0.2989417989417989
UBISOFT  Montreuil-377611,0.28857142857142853
Total-TS-377619,0.4317460317460317
Palais de Justice de Lille-377832,0.5685425685425685
Legrand  - Ubisoft- C2S54CE-4PAE2L00  - France-378037,0.46954177897574123
EUro Info -PDU SDT-378058,0.3942857142857143
K-Runrate week 06-378068,0.49603174603174605
P-Runrate week 06-378070,0.49603174603174605
Minkels - January-378236,0.49603174603174605
CIV-PX3-1842V-378389,0.0
IBM-La Banque Postale-378552,0.4880952380952381
Groupe Networks-378554,0.41053391053391053
GKA004 - Legrand - OVH - C1M15HN-8FJN5BC3-013 - France-378853,0.3814728077023159
GKA001 Foxconn - HPE- Salesforce - STV-SF4223G/SA - France --378883,0.3770433546552949
GKA001 Anixter-Google (wieland)-France-BDL-C2W36TE-4DAE2M99-GN-378900,0.4622498274672188
K-Runrate week 07-378997,0.49603174603174605
P-Runrate week 07-378998,0.49603174603174605
GKA001 Anixter-Google (wieland)-France-BDL-C2W36TE-4DAE2M99-GN-379092,0.4622498274672188
GKA001 Anixter-Google (wieland) -BDL-C2W36TE-4DAE2M99-GN -379224 - France,0.4609262883235486
Cap Gemini -PX3-5892-379242,0.2865961199294533
Cabling Ecritel-379262,0.5216450216450216
PDU Raritan pour le siège via CEOS-379669,0.5454123112659698
Nintendo -NERD-379670,0.41269841269841273
Criteo -PA3-379735,0.2989417989417989
Nouveau POD-379804,0.42063492063492064
M: Viasat - Viasat 3 - Paris - Interxion - cabinets - France -379815,0.37978524743230624
GLOBAL SWITCH - GOOGLE-379832,0.0
IBM-La Banque Postale-380273,0.4880952380952381
Criteo AM5-380477,0.3011204481792717
ICV PDUs-380495,0.0
Retrofit Salle G Siège MAIF-380658,0.4871148459383754
Anixter-Equinix-Packet Host-C1W08HC-EPBA2BAC-PA4-380993 - France,0.4613095238095238
K-Runrate week 09-381067,0.49603174603174605
P-Runrate week 09-381068,0.49603174603174605
AP HP-381106,0.0
Criteo-PA3-381554,0.3011204481792717
GKA001 -Netflix - Protek - Networks Centre -MB-0005-0066-20 - France 35426-381747,0.4569370958259847
MAIF - site Pilote-381751,0.405079365079365
K-Runrate week 10-381824,0.49603174603174605
P-Runrate week 10-381825,0.49603174603174605
Criteo -AM6-381950,0.2989417989417989
Axians -DSX2-16M-382188,0.39544513457556935
Assemblee Nationale - Demenagement salle IT-382191,0.4671428571428571
France 24-382347,0.30357142857142855
Nouvelle salle 40 baies-382362,0.40158730158730155
K-Runrate week 11-382699,0.49603174603174605
P-Runrate week 11-382700,0.49603174603174605
GKA001 Foxconn - HPE- Salesforce - STV-SF4223G/SA - France --382735,0.3770433546552949
GKA001 - KANNEGIETER - MSD - FRANCE -C2W36TE-EPAF2M99-382970,0.0
ARIADNEXT-382994,0.0
Projet Mystère-Racks-383076,0.4532627865961199
ITNI-AURELEC-383310,0.0
Criteo- / sinw-383439,0.29365079365079366
Criteo/sinw-383440,0.2989417989417989
Criteo/da1-383442,0.5189075630252101
MAIF DC NIORT PDUs -383462,0.0
K-Runrate week 12-383523,0.49603174603174605
P-Runrate week 12-383524,0.49603174603174605
ATOS Retrofit Cold Corridor CP2 et CP3 -384063,0.5409937888198758
Anixter - Equinix - 13D - C2S54CE-4PAE2L00  - France-384256,0.38202851762173795
Phenixya-DKX3-384433,0.4619047619047619
Legrand - Nesevo - Ubisoft- C2S54CE-4PAE2L00  - France-384758,0.4654176424668228
Nouveau siège Canal + SWAYS-384759,0.4796918767507003
150 baies Canal + 384762,0.4067460317460318
THALES-384767,0.0
URW KVM complement-384876,0.4552380952380952
Anixter - EIFFAGE - DEERNS - C2S36TE-4PAE2M99 - France-384933,0.27283372365339575
Legrand - DTIX - PTTS-H008-0-02M - France-384942,0.3859126984126984
CKA001 Colt France 24OFK06513-1 Colt Paris-385179,0.38435374149659857
Capgemini -DSX2-385201,0.2922077922077922
Hebergement O-385220,0.4619047619047619
K-Runrate week 14-385275,0.49603174603174605
P-Runrate week 14-385276,0.49603174603174605
GKA001 Anixter-Google (wieland) -BDL-C2W36TE-4DAE2M99-GN-July France-385278,0.4603174603174603
GKA001 Anixter-Google (wieland) -BDL-C2W36TE-4DAE2M99-GN-Oct France-385279,0.4606177606177606
OCIANE-KVM-385375,0.0
Legrand - Equinix - STV-3534J - France-385419,0.4701058201058201
Nouveau POD-385530,0.42063492063492064
Tiroirs optiques-385534,0.29089026915113875
KVM-385666,0.0
SARTEL THD Construction d'un Datacenter à Coulaines (72)-385826,0.3783068783068783
France Medias Monde -KVM-385862,0.3973374295954941
GKA001 - Anixter - Adobe IT - 6 x PX3-5440V - France-385866,0.38202851762173795
K-Runrate week 15-386130,0.49603174603174605
P-Runrate week 15-386131,0.49603174603174605
GKA001 Foxconn - HPE- Salesforce - STV-SF4223G/SA - France --386278,0.3770433546552949
CLS-KVM + RACK-386307,0.0
LUMEN Edge Computing project Paris-386414,0.5563298490127758
Nouvelle salle 40 baies 3 CC-386768,0.3952380952380952
K-Runrate week 16-386964,0.49603174603174605
P-Runrate week 16-386966,0.49603174603174605
Projet Lumen-387054,0.4177109440267335
PROGRAMME FLOTLOG (PETROLIER RAVITAILLEUR)1GBEC- 2E EXEMPLAIRE SUR 4-387220,0.0
PROGRAMME FLOTLOG (PETROLIER RAVITAILLEUR) COFFRETS RESEAUX-387222,0.0
GKA002 - TBC - RDG - Euclyde DC ' ORY1 '  - Facebook Edge - Nexpand Aisle Containment - France -387226,0.45443510737628384
Colo 4 DH 7-Colo 5 DH 8-387256,0.39206349206349206
CRITEO-AM5-387372,0.0
EuroInfo-PX3-5722-V2-387402,0.2865961199294533
Atos-PX3-1902R-387962,0.3968253968253968
Systeme U-DR manual 04-05-2021-387978,0.4831402831402832
Lumen France - Axians-388160,0.40079365079365076
Lumen France - Axians-388162,0.40079365079365076
Legrand - Equinix - CAB-0601T - France-388196,0.4701058201058201
GKA001 Foxconn - HPE- Salesforce - STV-SF4223G/SA - France --388265,0.3770433546552949
ETIX POC 2 Carquefou 90 Baies-388458,0.3941798941798942
Projet Marins Pompiers de Marseille-388464,0.38888888888888884
Telehouse LEON FROT - Phase 2-388615,0.3928571428571428
MDP -Power +KVM-388622,0.39610389610389607
Atos - PX3-5917V-V2-388623,0.39377289377289376
ATOS-CEA-388821,0.0
K-Runrate week 18-388853,0.49603174603174605
P-Runrate week 18-388854,0.49603174603174605
Naval Group--389080,0.4177109440267335
Baies Nexpand - Illumination-389149,0.48571428571428577
K-Runrate week 19-389586,0.49603174603174605
P-Runrate week 19-389587,0.49603174603174605
Anixter - Computacenter - SQUARE - STV-6541K - France-389652,0.46269841269841266
RFO-Mayotte-389807,0.4656084656084656
GKA002 Interxion - Google MC ' Plover ' - Legrand Aisle Containment - Paris France-389979,0.45545746388443015
P-Runrate week 20-390282,0.49603174603174605
K-Runrate week 20-390283,0.49603174603174605
Anixter - TBC - 48DCWC-10-2X300-E0NB - France-390596,0.2747252747252747
Orange-30 Baies 21D20-013-390753,0.28273809523809523
Exertis - Dell - Volvo - C2WG48TE-4PAE2M99  - France --390791,0.3814728077023159
GKA001 HPE/Foxconn - Salesforce Paris - STV-SF4223G/SA - France-390944,0.3761904761904762
Total- Data4-391227,0.4177109440267335
Total - Interxion Par 5-391229,0.4849206349206349
GKA001 - Legrand - TELEHOUSE GOOGLE- BDL-C1S36TS-GNPD2T555-GN - 391499 - France,0.3777375929274663
Telehouse Outscale-391542,0.49380952380952375
RK-Runrate week 22-392084,0.49380952380952375
RP-Runrate week 22-392086,0.49380952380952375
Thales -KVM Cholet-392230,0.49380952380952375
Scaleway-392360,0.4317460317460317
2021 DC LOUIS POUZIN CATALPA ARMEE BRUZ-392376,0.0
Euroinfo -PX3-5190R-M11-392488,0.2841269841269841
MRS 3 MICROSOFT INTERXION-392680,0.0
RK-Runrate week 23-392755,0.49380952380952375
RP-Runrate week 23-392756,0.49380952380952375
Criteo / sinw- 24 x PX3-1703-V23-392830,0.27899877899877895
Legrand-Outscale-Telehouse - C3S36RL-GPJE2MT2 - France-392832,0.5407233931824096
UBISOFT NESEVO AUSTRIA-392987,0.0
UBISOFT-NESEVO-Minkels cab-USA-392990,0.38996138996139
UBISOFT-NESEVO-Minkels Cab-JAPAN-392995,0.44566544566544564
Anixter - Adobe IT - PX3-5440V - France-393104,0.38681849551414765
M: Viasat - Viasat 3 - Lyon- TBC - cabinets - France-393111,0.43987086359967714
Legrand - Demo Units - C3WG36RL-0AJE2MT4 - France-393128,0.46428571428571425
Thales-Gennevilliers-393285,0.4021164021164021
PDUs Mairie de Paris-393478,0.4021164021164021
PX3-5292R + PX3-5844R-393492,0.0
M: Viasat - Viasat 3 - Calais - EXA infra - cabinets - France-393636,0.37978524743230624
RK-Runrate week 24-393646,0.49380952380952375
RP-Runrate week 24-393647,0.49380952380952375
PDU Ville de Paris-393665,0.49380952380952375
PROGRAMME FDI (Fregates de Defense et d'Intervention) - 3RD EXEMPLAIRE SUR 5-393706,0.4581755593803787
RP-PX3-1872NV-M18V2-France-393812,0.0
Euroinfo- PX3-5966NU-M18-393813,0.2834101382488479
Ubisoft-Nesevo-STI PDU-USA-393846,0.3953823953823954
Anixter-Nesevo-Ubisoft-C2S48TE-DCMFAL99/AXE-Japan-393848,0.3829365079365079
Universite de Limoges-394101,0.40079365079365076
RP-CapGemini-Efirack-PX3-1493V-France394219,0.3883351790328535
RP-Capgemini-Efirack-PX3-5892-France-394251,0.3883351790328535
RP-Datagrex-LDCS-PX3-5892-France-394263,0.39072039072039066
RK-Runrate week 25-394281,0.49380952380952375
RP -Runrate week 25-394283,0.4917582417582418
Projet Mysère-394369,0.4619047619047619
Catalogue cabling Interxion-394370,0.4871148459383754
Legrand - Hebergement O - C3S36RL-GPJE2MT2 - France-394579,0.4634646962233169
RK-azenn-CAF 13-CCSG-395142,0.2865961199294533
RK-Azenn-Saint Gobain-France-395145,0.5047619047619047
RP-Azenn-Euro Info-France-395151,0.3963293650793651
Rittal - Infineon - C2S39CS-EABA2S222  - France-395167,0.46895943562610226
Nouvelle salle-395175,0.42063492063492064
RK-Runrate week 26-France-395222,0.48214285714285715
RP-Runrate week 26-France-395224,0.48214285714285715
RK-Efirack-CD94-France-395384,0.451559934318555
Criteo / sinw- 82 x PX3-1703-V23-395507,0.27899877899877895
RP-Euroinfo-nVent-PX3-1730NV-M18V2-395546,0.47299651567944245
Anixter - ADM SYSTEMS - STV-6501K - France-395704,0.2755102040816326
Ubisoft-Nesevo-C2S54CE-4PAE2L00-Singapore-395735,0.3859126984126984
RK-Runrate week 27-France-395864,0.48214285714285715
RP-Runrate week 27-France-395866,0.48214285714285715
GKA001 - Anixter - Softlayer - STV-4523W/SB - France-395970,0.4663438256658596
Ubisoft-Nesevo-Minkels cab-Singapore-395971,0.3881506090808416
SP - Viasat - Viasat 3 Paris - InterXion - STV 6503J/C2WG36TE-4PAE2M66-395973,0.37806637806637805
RK-NEKLAN-Orange-DSX2-France-396127,0.28095238095238095
SP - Viasat - Viasat 3 Paris 2-Telehouse- STV 6503J-France-396475,0.37765567765567765
M: Viasat - Viasat 3 - Paris2- Telehouse - cabinets - France-396478,0.3770433546552949
RP-Ingenico-Nesevo-PX2-2886-France-396640,0.38908246225319393
RK-Runrate week 28-France-396712,0.48214285714285715
RP-Runrate week 28-France-396713,0.48214285714285715
GKA001 Foxconn/HPE - Salesforce France - C2W48TE-GPAE2M99/SA - France-396763,0.3746867167919799
RP-Sanofi-Kairos-PX3-5703-V2-France-396804,0.27777777777777773
PORTE-AVIONS NOUVELLE GENERATION-1GBE--397055,0.0
RK-DHL-AZENN-DKX4-UST-France-397056,0.0
TF1 DC Point du Jour Spare Parts PDUs-397059,0.4707792207792208
RK-Runrate week 29-France-397365,0.48214285714285715
RP-Runrate week 29-France-397366,0.48214285714285715
Legrand - Nesevo - Ubisoft - C2S54CE-4PAE2M00 - Austria -397811,0.46455026455026455
Legrand - Nesevo - Ubisoft - C2S54CE-4PAE2M00 - Austria-397840,0.46497695852534565
EuroInfo-PX3-5722-V2-397974,0.2865961199294533
Legrand - Equinix PA6 - CMA-NTWK-5008 - France-398046,0.465633423180593
Legrand - Ubisoft - C2S54CE-4PAE2L00  - France-398413,0.46954177897574123
GKA002-LDCS-Telehouse-Oracle-Salamandre-France-398704,0.465633423180593
RP-SopraSteria-Efirack -France-398910,0.39317889317889315
Legrand - Nesevo - Ubisoft - C2S54CE-4PAE2L00  - Austria - 399128,0.4637362637362637
THALES IDF-399333,0.0
RK-Runrate week 31-France-399566,0.48214285714285715
RP-Runrate week 31-399570,0.49380952380952375
SP - Viasat - Viasat 3 Marseille- Interxion- STV 6501K - France-399658,0.3761904761904762
RK-Runrate  week 32-France-399867,0.4808802308802309
RP-Runrate week 32-France-399868,0.48214285714285715
GKA001 - Kannegieter - MSD - C2W36TE-EPAF2M99 - France-399941,0.3814728077023159
IONOS IX-400034,0.0
SP - Viasat - Viasat 3 Marseille- Interxion- STV 6501K - France-400481,0.3761904761904762
RK-Runrate week 33-France-400568,0.48214285714285715
RP-Rnrate week 33-France-400569,0.3973374295954941
CKA003 TELEHOUSE AMAZON-400596,0.0
CKA003 TELEHOUSE ORACLE-400599,0.0
RP-PX3-1730V-V2-France-400618,0.0
CEA- Projet CCMD-cal -PX3-5530V-V2-400829,0.47299651567944245
CEA-CCMD-sto -PX3-5530V-V2-400832,0.39105339105339104
CKA001 - Colt Paris 22 x Nexpand + 2 x CaC-400835,0.3854875283446712
RP-Power PASQAL--400862,0.39544513457556935
RK-Runrate week 34-France-401277,0.48214285714285715
RP-Runrate week 34-France-401279,0.48214285714285715
APHP-Skynet-PX3-5842NV-401483,0.451559934318555
RK-Atos-MCD17108-LED -France-401853,0.3904761904761905
CH Lens-402078,0.4047619047619047
RP-Runrate week 35-France-402100,0.48214285714285715
RK +P-Systeme U-France-402251,0.2848932676518883
Equinix-1-206573667566-402470,0.3924466338259442
RK-Runrate week 36-France-402902,0.48214285714285715
RP-Runrate week 36-France-402903,0.48214285714285715
Legrand-Outscale-Telehouse - C2W36TE-4PAE2999 - France-402906,0.5407233931824096
Legrand-Outscale-Telehouse - C2W36TE-4PAE2999 - France-402907,0.5407233931824096
Legrand - Ubisoft - C2S54CE-4PAE2L00  - France-402953,0.46954177897574123
GKA001-SP - Cisco - Computacenter - STV-3531K/D - France-402955,0.3783068783068783
Equinix - PO 1470153511-403113,0.39206349206349206
PR-PX3-3170-403116,0.0
Equinix PO 1470149223-403117,0.39285714285714285
Equinix PA6 - 1-210363708424-403120,0.3904761904761905
RP-Total-PX3-5393V-403121,0.405079365079365
Equinix PA3 - 1-208008246117-403123,0.3904761904761905
CKA001 Equinix PA4 - Proj 203_106-403126,0.3892857142857143
CKA001 Equinix PA7 - 1-211919386048]-403130,0.38870431893687707
Equinix PA5 - PO 1470154099-403132,0.3907563025210084
Equinix Bruges - PO 1470153108-403134,0.2799227799227799
Equinix Bruges - PO 1470153107-403135,0.2799227799227799
Equinix Bruges - PO 1470152696-403137,0.2799227799227799
RK-France Media-KVM-France-403218,0.3953823953823954
CKA 001 Equinix PA3 - 20 racks-403436,0.38996138996139
Equinix PA4 - 20 racks-403437,0.3924466338259442
CKA 001 Equinix PA3 - 16 racks-403438,0.38996138996139
CKA001 Equinix PA4 - 18 racks-403439,0.39021164021164023
CKA001 Equinix PA6 - 6 Racks-403440,0.3904761904761905
CKA001 Equinix PA6 - 10 Racks-403441,0.39021164021164023
Equinix : Thales - 100 Racks-403442,0.4785714285714286
CKA001 Equinix Bruges - 10 racks-403443,0.27899877899877895
Equinix - 11 racks-403444,0.28857142857142853
TF1 DC Point du Jour Spare Parts PDUs-403499,0.4707792207792208
TF1 DC Point du Jour Spare Parts PDUs-403506,0.4707792207792208
Equinix -PA4 - PA4:01:000313-403616,0.3904761904761905
RK-Runrate week 37-France-403706,0.48214285714285715
RP-Runrate week 37-France-403708,0.48214285714285715
Orange-24 Cabinets-21D37-004-403756,0.3936507936507936
RP-BDF-PX3-4493V-France-403866,0.0
RP-Total-SML-France-403883,0.4035409035409035
GKA001 Anixter - Computacenter - Salesforce Paris - CDG3 - STV-SF4223G-SW - France-404028,0.5304084180488675
Equinix PA5 - 0G:00Z1C1-404053,0.39206349206349206
Equinix PA3 - 01:000S38-404054,0.39206349206349206
CKA003 TELEHOUSE MARSEILLE-404197,0.0
RP-ADP-PX3-5703V-E2V2-France-404198,0.0
Equinix 50+30-404291,0.3976190476190476
RP-Terralpha-PX3-5493U-France-404312,0.503968253968254
RK-Runrate week 38-France-404382,0.48214285714285715
RP-Runrate week 38-France-404384,0.48214285714285715
RP-Unistra-PX3-5872NU-V2A10-France-405044,0.2781649245063879
M: Orange-405064,0.30357142857142855
GKA001 - SP - Viasat - Viasat 3 Paris 2-LDCS FR-Telehouse- STI PDU-France-405454,0.4369047619047619
RK-Atecsi-DSX2-32-FRANCE-405588,0.2834101382488479
Legrand - Equinix - STV-3534J - France-405728,0.4701058201058201
RP-Unistra-PX3-5872NU-V2A10-France-405867,0.2781649245063879
RP-Greenvision-Total-PX3-5730V-V2-France-405896,0.4688449848024316
RP-Greenvision-Total-PX3TS-1875CR-France-405898,0.4688449848024316
RK-Runrate week 40-France-406030,0.48214285714285715
RP-Runrate week 40-France-406031,0.48214285714285715
M:Equinix PA2 - 13 racks :01:001S46-406141,0.27777777777777773
M:Equinix PA4 - 13 racks 01:000212-406144,0.2781649245063879
Equinix PA4 - Projet S105-406145,0.44940476190476186
Equinix PA5 - 2 racks 1-212675108248-406151,0.27740863787375414
RK-Thales-DKX3-808-France-406242,0.3963293650793651
RK-St Gobain-DSX2-32-France-406244,0.2815126050420168
M:Orange -Ext 3-406268,0.41053391053391053
M:ORANGE-Ext 2-406270,0.3968253968253968
M: Orange Ext 1-406272,0.41053391053391053
CKA001 M:Equinix PA6 - 0G:0Z6S20-406274,0.3894993894993895
Legrand - Interxion Marseille - C1S15HN-4PJN5BC3-013 - France-406439,0.4626050420168067
M:Equinix PA4 - [1-207169190079]-406560,0.3894993894993895
CKA001 M:Equinix PA1 - 20 racks-406726,0.38972431077694236
RP-IBM-PX3-1730V-E2M11N2V2-France-406734,0.0
RK-Euronext-DSX2-France-406736,0.3984126984126984
Legrand - Equinix PA2 - C3S36RL-GPJE2MT2 - France-406740,0.46428571428571425
CKA001 M:Equinix PA3 - 0G:000S43-406755,0.3894993894993895
RP-Runrate week 41-France-406809,0.48214285714285715
RP-PX3-5498V-France-407173,0.39377289377289376
GKA001 Dell/WWT - Salesforce STV-SF4223G/SA - France-407343,0.46307506053268765
RK-Runrate week 42-France-407631,0.48214285714285715
RP-Runrate week 42-France-407638,0.48214285714285715
CKA001 M:EQUINIX OCB-FE-PA3 20 racks 52U-408145,0.0
RP-PX3-5516V-France-408255,0.39377289377289376
RK-Runrate week 04-France-408561,0.48214285714285715
RP-Runrate week 04-France-408562,0.48214285714285715
RK-Runrate week 08-France-408563,0.48214285714285715
RP-Runrate week 08-France-408566,0.48214285714285715
RK-Runrate March-France-408568,0.4849206349206349
RP-Runrate-week13-France-408569,0.4834869431643625
RK-Runrate week 17-France-408573,0.48214285714285715
RP- Runrate week 17-France-408574,0.4808802308802309
RK-Runrate May-France-408575,0.4880952380952381
RP-Runrate -week 22-France-408576,0.4808802308802309
RK-Runrate week 26-France-408578,0.48214285714285715
RP-Runrate week 26-France-408579,0.48214285714285715
RK-Runrate July-France-408580,0.49556650246305417
RP-Runrate July-France-408581,0.49556650246305417
RK-Runrate August-France-408585,0.4834869431643625
RP-Runrate August-France-408586,0.4834869431643625
RK-Runrate September-France-408588,0.4796918767507003
RP-Runrate September-France-408589,0.4796918767507003
RK-Runrate October-France-408590,0.48214285714285715
RP-Runrate October-France-408591,0.48214285714285715
RK-Runrate November-France-408592,0.4808802308802309
RP-Runrate November-France-408593,0.4808802308802309
RK-Runrate December-France-408594,0.4808802308802309
RP-Runrate December-France-408595,0.4808802308802309
CKA001 RP-1847V-Colt-France-408813,0.4481792717086835
RK-Runrate week 44-France-409322,0.48214285714285715
RP-Runrate week 44-France-409323,0.48214285714285715
RK-Thales-DKX3-108-France-409383,0.3963293650793651
PDUs Mairie de Paris-409674,0.4021164021164021
RK-Runrate week 45-France-409940,0.48214285714285715
RP-Runrate week 45-France-409941,0.48214285714285715
RP-MDP-PX3-5842NV-France-410038,0.0
GKA001 - Anixter - Softlayer - STV-4523G/SB - France-410065,0.4663438256658596
RK+P-St Gobain-Azenn France-410074,0.39449112978524736
RP-Euroinfo-PX3-1842V+PX3-1847V-M5 -France-410163,0.2755102040816326
RP-Euro Info- PX3-5516V-France-410165,0.2799227799227799
RP-Bouygues Tel-PX3-5260R-France-410467,0.39072039072039066
RK-Runrate week 46-410688,0.49380952380952375
RP-Runrate week 46-410689,0.49380952380952375
RP-Euroclear-PX3-1488V-France-411115,0.3941798941798942
M: Equinix BX1 - baies-411155,0.3924466338259442
M: Equinix PA3 0G:000S7-411157,0.39206349206349206
CKA001 M: Equinix PA4 - Outscale-411158,0.3894993894993895
CKA001 M: Equinix PA3 - OCB/FE-411159,0.38996138996139
RP-Runrate week 47-411180,0.49380952380952375
RP-BDF-PX3-4493V-France-411209,0.0
RP-DNSA-PX3-4264X2-France-411339,0.0
RP-End of budget-France-411378,0.5603174603174603
GKA001 - Google France 1 rack IX MRS12-411510,0.38730158730158726
GKA002-IX MRS-Digital Ocean-New POP Racks-France-411663,0.4647186147186147
M: data 4 - DC 14-411805,0.5178571428571429
M:Data 4 - DC 15-411808,0.4575569358178054
RP-Runrate week 48-France-411861,0.48214285714285715
GKA001-SP - Cisco - Computacenter - STV-3531K/D - France-411931,0.3783068783068783
M: Equinix BX1 - baies-412112,0.3924466338259442
RP-Runrate week 49-France-412656,0.48214285714285715
RK+P-Systeme U-France-412748,0.2857142857142857
RK+P-Systeme U-France-412749,0.2857142857142857
Champagne Mont-d'or (Lyon)-412875,0.4808802308802309
Nouveau marche PDU Raritan-412876,0.3953823953823954
ONERA - futur centre de donnee-413055,0.39317889317889315
RK-Runrate week 50-France-413416,0.48214285714285715
RP-Runrate week 50-France-413417,0.48214285714285715
CI-New datacenter-413547,0.49603174603174605
GKA003 - Mastercard Anixter Paris 16 racks-413791,0.38435374149659857
CKA001 Equinix-PA3 - 1-212455139342-413793,0.3888888888888889
CKA001- Lumen 6 racks -413909,0.2848932676518883
RP-Criteo-AM8-413949,0.29523809523809524
Nexpand-Criteo-AM8-413996,0.49380952380952375
CKA001 M: Equinix PA4 - :01:000122 SNCF-414020,0.38819875776397517
CKA001 M: Equinix PA3 - 01:00S120 SNCF-414022,0.3883597883597884
CKA001 M: Equinix PA4 - Proj 705-414036,0.3894993894993895
RP-Euroinfo France-414382,0.405079365079365
RK-Atos worldwide-France-414422,0.3973374295954941
RP-PX3-5516V-France-414726,0.39377289377289376
CI-New datacenter-414727,0.49603174603174605
RP-1GBE-PX3-1966U-M11V2-France-414757,0.0
CKA001 - Lumen Paris - Neugebauer - Aisle-414868,0.3859126984126984
RP-System U-PX3-5730V-V2 + PX3-5500V-France-414926,0.2752380952380952
RK-System U-DSX2-France-414929,0.2841269841269841
RK-System U-DSX2-France-414932,0.2841269841269841
RK-System U-DKX3-464-France-414938,0.2815126050420168
RK-Runrate week 01-France-414945,0.48214285714285715
RP-Runrate week 01-France-414948,0.48214285714285715
RP-Criteo-Sensors-France-415050,0.2834101382488479
GKA003 - Mastercard Paris 32 PDU-1GBEP-415145,0.3867724867724867
CKA001 - Neugebauer - Lumen Paris 6 racks + cac-415246,0.38359788359788355
FULLSAVE-415247,0.0
KAIROS - ADP-415249,0.0
RP-System U-PX3-5730V-V2 + PX3-5500V-France-415317,0.2752380952380952
GKA003 - Mastercard Anixter Paris 23 racks-415428,0.38435374149659857
GKA003 - Mastercard Anixter Paris 46 PDU-1GBEP-415436,0.38230008984725966
RP-1GBE-Ingenico-PX3-5886-France-415460,0.3894993894993895
GKA003 - Mastercard 160 x PDU- Anixter Paris-415532,0.3832866479925303
RK:Runrate week 02-France-415632,0.48214285714285715
RP:Runrate week 02-France-415633,0.48214285714285715
RP-1GBE-PDU-415734,0.0
RP-PDU-415735,0.0
RP-PDU-415737,0.0
CKA001 M: Equinix BX1 - Bruges-415754,0.38996138996139
Baies pour DC5-416184,0.41269841269841273
RK-Runrate week 03-416336,0.49380952380952375
RP-Runrate week 03-France-416337,0.48214285714285715
GKA005-Nesevo-Plano-Blade-148x C3B36RL-DQJE0AT2-Austria-416379,0.46198156682027647
RP-Euroinfo-PX3-5260NR-H4A4-France-416541,0.2781649245063879
M:Bouygues Construction-416547,0.3984126984126984
M:Orange-22F02-522 Safran-416551,0.28273809523809523
GKA004 - LDCS DIRECT - OVH CLOUD - FRANCE - BASIC PDU US-416572,0.0
24OFK08021-416757,0.0
BAIES POUR ANNEE DC5-416904,0.0
AO KVM - Offre à tiroir-417015,0.3984126984126984
RP--Euroinfo- PX3-5722V-V2-France-417220,0.2785714285714285
Legrand - Nesevo - Ubisoft- C2S54CE-4PAE2L00  - France-417440,0.4654176424668228
RK-System U-DSX2-France-417629,0.2841269841269841
RP-Spie-PX3-5500V-France-417630,0.39170506912442393
RP-Atos-PX3-5730V-V2-France-417634,0.3907563025210084
GKA003 - CapGemini France PAR2+3 PDU & Elec doorhandles-417762,0.2726574500768049
CKA001 - Legrand - Equinix PA4 - C3S36RL-GPJE2MT2 - France-417785,0.46098901098901096
LP-Natixis-646015-France-417942,0.4500768049155146
CKA001 M: Equinix PA4 Proj 706-417993,0.38996138996139
RP-1GBE-Kindryl-PX3-1730V-France-418003,0.44566544566544564
PROGRAMME FDI (Fregates de Defense et d'Intervention) - 1GBEC-4e et 5e EXEMPLAIRE SUR 5-418111,0.4558257345491388
RK-Runrate week 05-France-418127,0.48214285714285715
RP-Runrate week 05-France-418128,0.48214285714285715
RK-Worldline-DSX2-32-France-418247,0.39449112978524736
PROGRAMME MCMV (CHASSEURS DE MINES)-1GBEP- 2EME EXEMPLAIRE SUR 12-418268,0.0
PROGRAMME FLOTLOG (PETROLIER RAVITAILLEUR)-1GBE- 3E EXEMPLAIRE SUR 4-418271,0.0
RK-Thales -KVM-France-418393,0.40079365079365076
RP-Sopra-PX3-130V-V2-France-418451,0.3907563025210084
CC Pertineo-418771,0.4656084656084656
RK-IBM-PX3-1730V-E2M11N2V2-418780,0.0
RK-Atos-France-418784,0.29365079365079366
RK-Atos-France-418785,0.29365079365079366
RP-PX3-1730NV-M18V2-418802,0.0
CKA001-TWITTER - Interxion-France418948,0.3894993894993895
RP- TS-France-418972,0.3976190476190476
RK-Runrate week 06-France-419092,0.48214285714285715
RP-Runrate week 06-France-419093,0.48214285714285715
RP-PX3-1791NV-M18V2-France-419274,0.0
RP-PX3-1872NV-M18V2-France-419277,0.0
RP-Runrate week 07-France-419874,0.48214285714285715
RK-Runrate week 07-France-419875,0.48214285714285715
RP-PX3-5966NU-18-France-420071,0.0
RP-PX3-1791NV et 1872NV-France-420075,0.4465894465894466
RP-PX3-5966NU-France-420078,0.0
RP-PX3-1493V-France-420080,0.39377289377289376
RP-PX3-1730NV-France-420181,0.0
RP-PX3-1730NV-France-420196,0.0
GKA002 - Interxion - Facebook Edge - MRS4 - France-420296,0.3826232247284878
GKA002 - FACEBOOK - META - MRS4- France 420677,0.0
RP-Total-PX3-5493V-France-420834,0.3963293650793651
RP-Euroinfo France-420920,0.405079365079365
RP-Euro info-PX3-1872NV-M18V2-France-420927,0.27740863787375414
RP-1GBE-PX3-4466V-M11-France-420932,0.0
RP-PX3-1703-V2-France-420933,0.0
GROUPAMA 60 PDUs - 1GBE-421207,0.0
RP-PX3-5844R-France-421208,0.39377289377289376
Equinix-PA3 - 1-215695759313-421212,0.3904761904761905
RP-Continental-France-421214,0.4047619047619047
CKA001 EQUINIX PA3 - 2 racks - 1-214033562438-421217,0.3873626373626373
RP-PX3-1791NV-M18V2-France-421230,0.0
GKA001 Foxconn/HPE - Salesforce France - C2W48TE-GPAE2M99/SA - France-421371,0.3746867167919799
RK-Runrate week 09-France-421426,0.48214285714285715
RP-Runrate week 09-France-421427,0.48214285714285715
GKA001 Dell/WWT - Salesforce STV-SF4223G/SA - France-421545,0.46307506053268765
RP-PX3-5730V-V2-France-421957,0.0
RP- PX3-5570X2-E2-France-421959,0.0
CKA001 Colt Paris - Microsoft HAC- France -422093,0.3854875283446712
RK- MCD-LED -France-422131,0.39377289377289376
Legrand - DTIX - PTTS-H008-0-02M - France-422162,0.3859126984126984
RP-PDU +Sensors-France-422286,0.3924466338259442
RP-TS-France-422318,0.3984962406015038
RK-Runrate week 10-France-422344,0.48214285714285715
RP-Runrate week 10-France-422345,0.48214285714285715
RP-Total-PX3-5730V-V2--France-422439,0.3928571428571428
GKA002- Anixtar- Kyndryl/IBM - Nexpand Rack - France-422472,0.46307506053268765
RP-Total-SML-France-422479,0.4035409035409035
RK-DSX2-16-France-422621,0.3948412698412698
Projet Mystère-1GBE-PX3-1847-France -422635,0.4440753045404208
GKA004 - LDCS DIRECT - OVH CLOUD - FRANCE - BASIC PDU - France-422794,0.0
RK-Runrate week 11-France-423543,0.48214285714285715
RP-Runrate week 11-France-423545,0.48214285714285715
Centre Hospitalider d'Angoulême--423875,0.5474969474969474
RP-Runrate week 12-France-424049,0.48214285714285715
RP- CEA Saclay-France-424129,0.4523809523809524
RP+K-Spie-France-424131,0.4575569358178054
RP-EURO INFO-DX2-T1H1-France-424448,0.0
RP-EURO INFO-DX2-T1H1-France-424453,0.0
RK-Atos worldwide-France-424801,0.3973374295954941
RK-DSX2-32-FRANCE-424839,0.0
RP-PX3-1923X2-France-425029,0.0
RP-Criteo-AM8-425030,0.29523809523809524
PROGRAMME FDI (Fregates de Defense et d'Intervention) - 1GBEC-4e et 5e EXEMPLAIRE SUR 5-425389,0.4558257345491388
RP-Criteo-AM8-425391,0.29523809523809524
CKA003 - Global Switch Google MC Pangolin - France -425456,0.4634646962233169
RK-Runrate week 14-France-425787,0.48214285714285715
RP-Runrate week 14-France-425788,0.48214285714285715
M:Scaleway - Baie 47U-425835,0.40079365079365076
RP- Euro Info-PX3-5260NR-H4A4-France-425857,0.27740863787375414
GKA001 Dell/WWT - Salesforce STV-SF4223G/SA - France-425932,0.46307506053268765
RP-Safran-Power-France-426013,0.3995621237000548
RK-DKX3-808-France-426193,0.3942857142857143
RP-PX3-1872NV-M18V2-France-426424,0.0
RP-CEA SACLAY-France-426837,0.0
RK-Runrate week 15-France-426870,0.48214285714285715
RP-Runrate week 15-France-426871,0.48214285714285715
RK-Thales KX3-808-France-426932,0.3973374295954941
RK-Axians-T1700-France-427144,0.3924466338259442
ORANGE BUSINESS SERVICE-427152,0.0
RK-Runrate week 16-France-427239,0.48214285714285715
RP-Runrate week 16-France-427240,0.48214285714285715
RP-DC AIN-1GBE-POC-France-427268,0.0
RP-PROGRAMME BELGIQUE PAYS BAS - 1GBE - 427270,0.0
Salle G-MAIF-France-1GBE-427310,0.3973374295954941
GKA001-M: Viasat - Viasat 3 - Interxion PAR7- cabinet - France-427440,0.3795721187025534
GKA001-SP: Viasat - Viasat 3 - Interxion PAR7-C2WG36TE-4PAE2M66-France-427441,0.37806637806637805
RP-IBM-1GBE-PX3-1730V-E2M11N2V2-France-427575,0.0
M: Equinix PA10 - 50 baies-427596,0.39105339105339104
M: Equinix PA10 - 18 baies-427599,0.39105339105339104
GKA003 - Mastercard Paris 32 PDU-1GBEP-427830,0.3867724867724867
M:Equinix-Cabinets-427841,0.405079365079365
RP-Criteo-AM8-427917,0.29523809523809524
GKA003 - Mastercard Anixter Paris 32 racks Avanti-428003,0.38095238095238093
GKA003 - Mastercard Anixter Paris 64 PDU avanti-428014,0.3818342151675485
GKA001 Dell/WWT - Salesforce STV-SF4223G/SA - France-428073,0.46307506053268765
DATA 4 - DC17-428373,0.0
RP-PX2-2886-France-428614,0.3942857142857143
CKA001 Lumen Neugebauer Paris - Aisle with cabinets-428769,0.38232074438970987
RP-Runrate week 18-France-428896,0.48214285714285715
RP-PX3-1349V-V2-FRANCE-429004,0.0
RP-EURO INFO-1GBE-2023-FRANCE-429057,0.0
GKA001 - Anixter - IBM - Softlayer - STV-4523W/SB-REVC - France-429330,0.4619047619047619
CKA001 M: Equinix PA4 - 22 baies-429362,0.3894993894993895
RK: Ingram-Rond Point Moulin Vieu Lyondellbasell Services France SAS- KVM cables-FR-429377,0.5301587301587302
SP: WWT - Anaplan France 2 - C2WG36TE-4PAE2M66-429517,0.38394728960766694
RK: WWT - Anaplan France 2 - DSX2-32 -429523,0.44372294372294374
M: Equinix PA3 Cage S13016-429534,0.28210678210678214
RK-Runrate week 19-France-429631,0.48214285714285715
RP-Runrate Runrate week 19-France-408574-429632,0.4688449848024316
M: Equinix PA3 4 baies-429794,0.3924466338259442
M: Equinix PA4 Proj 1660 Rack -429838,0.38996138996139
M: Equinix PA6 0G:0Z4S11-429839,0.39170506912442393
S: NESEVO-429874,0.0
Equinix PA6 - 0G:0Z4S11-429875,0.39206349206349206
GKA001 - Global Switch - Google MC Puffin - 2 Minkels-430086,0.46269841269841266
[urgent T2] Rack MSC BYTel-430188,0.3975468975468976
RK-Runrate week 20-France-430317,0.48214285714285715
RP-Runrate Runrate week 20-France-408574-430318,0.4688449848024316
CABLING - CERN-430613,0.0
CABLING - INTERXION-430614,0.0
CABLING - ORANGE-430615,0.0
RP-PX3-5516V-France-430617,0.39377289377289376
RP-Runrate week 21-France 408574-430885,0.4746642246642246
New DC institut Curie-431394,0.40079365079365076
New DC teamto-431395,0.4150793650793651
M: Equinix PA10 Cage 02060140-431666,0.2804232804232804
CONFINEMENT ARKEA BREST-432266,0.0
CONFINEMENT ARKEA BREST-432267,0.0
RTE H24 LA CHAPELLE SUR ERDRE-432333,0.0
NOUVEAU CHU DE NANTES-432339,0.0
MAIF SALLE G 2 POD + RETROFIT-432345,0.0
GKA001 Dell/WWT - Salesforce STV-SF4223G/SA - France-432350,0.46307506053268765
RP-Runrate weeK 22-France-432431,0.48214285714285715
RK-Runrate week 23-France-432432,0.48214285714285715
CKA001 M: Equinix PA3 - Medidata-432583,0.3894993894993895
CKA001 M: Equinix PA4 - Outscale-432585,0.3894993894993895
CKA001 M: Equinix PA3 - Air France KLM-432587,0.3883597883597884
ESKEMM NUMERIQUE 24 BAIES CHEZ B-COM-432588,0.0
CKA001 M: Equinix PA4 - Air France KLM-432590,0.3883597883597884
GKA003 - Global Switch Google MC Pangolin 2 Est - France-432614,0.46164021164021163
CNP ANGERS 13 BAIES-432631,0.0
GKA003 - Global Switch Google MC Pangolin 2 Ingenova-432694,0.46307506053268765
PROJET CISCO - AAB-432718,0.0
RP-Runrate -week 24-France-408576-433005,0.47380952380952374
GKA001-SP-Digital Ocean-IX MRS-New POP - C2W48TE-4PAE2N99 -France-433042,0.458994708994709
M: Equinix - PA4 04:000905-433189,0.39105339105339104
M: Equinix - PA3 S13015-433192,0.39206349206349206
M: Equinix - PA10 060110-433194,0.39170506912442393
M: Equinix -  PA3 Baies-433195,0.39206349206349206
M: Equinix - PA3 Baies-433196,0.3924466338259442
M: Equinix - PA3 Baies-433198,0.3924466338259442
GKA001- DATA 4 - DC07-433202,0.0
DR 48935 THALES  France-433237,0.0
SP: Viasat - Viasat 3 - Calais - EXA infra - STV-6501K - France-433434,0.37936507936507935
Fourniture cabling pour la DGFIP-433576,0.48083028083028084
RK-Runrate week 25-France-433682,0.48214285714285715
RP-Runrate -week 25-France-433683,0.4808802308802309
RP - Thales Global Services -France-433714,0.38888888888888884
Nouveau marche PDU Raritan-433778,0.3953823953823954
SP: Viasat - Viasat 3 - Interxion PAR7-EMTH-2-10-433843,0.38326118326118325
PROGRAMME FDI (Fregates de Defense et d'Intervention) - 1GBEC-4e et 5e EXEMPLAIRE SUR 5-433908,0.4558257345491388
PROGRAMME MCMV (CHASSEURS DE MINES)-1GBEC- 1ER EXEMPLAIRE SUR 12-433910,0.0
PROGRAMME FLOTLOG (PETROLIER RAVITAILLEUR)1GBEC- 2E EXEMPLAIRE SUR 4-433912,0.0
GKA001-RP - Cisco - Computacenter - Anixter - PX3-5847 - France-433994,0.3761904761904762
CKA003 - Telehouse-2 x FSC-434019,0.3953823953823954
RP-CEA-France-434309,0.3976190476190476
Legrand - Ubisoft - C2S42CE-4PAE2900 - France-434494,0.4701465201465201
RP-Pasqal-France-434496,0.4575569358178054
RP- Criteo-PX3-1349V-V2-434559,0.2841269841269841
RP-Criteo- PX3-1703-434560,0.2875457875457876
RP-Criteo -PX3-1703-V2-434561,0.2848932676518883
RP-PX3-1703-V2-434562,0.0
RP-PX3-5493V-France-434690,0.39377289377289376
RK- KVM-FRANCE-434859,0.0
GKA001 WWT/DP Building Sys. - Salesforce Paris - STV-SF4223G/SA - France-434934,0.5332529636327105
RP-PX3-5722V-V2-France-434972,0.0
CKA003 Legrand-Outscale-Telehouse - C3S36RL-GPJE2MT2 - France-435187,0.5373482726423903
M:Equinix - 3 Baies-435644,0.2875457875457876
CKA001 COLT DH1-Nvidia-435745,0.0
CKA001 - Interxion PAR07 - AWS - CBRE-435773,0.27705627705627706
RP-PX3-1872NV-M18V2-France-435875,0.0
CKA001 - MRS - Apple - Interxion-435880,0.27899877899877895
M:Equinix PA6-1-218150501315-436056,0.3904761904761905
RP-AWE-FRANCE-436152,0.0
RP-Sensors AM8-436218,0.3968253968253968
ESKEMM NUMERIQUE 40 PDUs - 1GBE-4366287-436627,0.0
RP-PX3-1703-V2-France-436695,0.0
RP-PX3-1791+ PX3-1730-France-436823,0.0
Projet MUREX-436831,0.46365914786967416
Legrand - Hebergement O - C3S36RL-GPJE2MT2 - France-437021,0.4634646962233169
GKA001- DATA 4-DC 16-Microsoft-437380,0.0
Scaleway-Cold corridor-437479,0.40311986863711
RP-PX3-5872NU-V2A10-France-437625,0.0
RP-PX2-2730-France-437995,0.3942857142857143
GKA001-SP - Cisco - Computacenter - STV-3531D  - France-438231,0.37864823348694315
RP-PX3-5916V-V2-438466,0.0
M: Equinix PA10 : Cage 02:060215 Air France-438659,0.3850793650793651
M: Equinix PA4 : 01:000121-438664,0.39105339105339104
Legrand - Nesevo - Ubisoft- C2S54CE-4PAE2L00  - France-438705,0.4654176424668228
CKA003 Global Switch Google HPL panels-438875,0.38730158730158726
GKA004 - LDCS DIRECT - OVH CLOUD - DC3AZ - BASIC PDU - France-438984,0.0
STI:EQUINIX PA4-1-218512391893-438994,0.0
ALPHALINK 60 Baies + 3 Cold Corridor-439023,0.3883351790328535
CKA003 - Global Switch Google MC Pangolin racks - France -439078,0.4613095238095238
SP: Viasat - Viasat 3 - Calais - EXA infra - DC PDU - France-439277,0.38000473821369346
RP-PX2-28866-France-439285,0.39377289377289376
CKA003 - Telehouse-Racks acc-439302,0.3936507936507936
CKA003 - Telehouse-RTN + LG PDU's-439305,0.390079365079365
RP-PX3-1906R-France-439690,0.39377289377289376
RP-PX3-5886-France-439692,0.3942857142857143
FFT PDU Raritan-439711,0.4588744588744589
GKA001 - Anixter - IBM - Softlayer - STV-4523W/SB-REVC - France-440034,0.4619047619047619
GKA001 - Amazon (AWS ) -  DC07 - Data 4- France - 440285,0.38690476190476186
CKA001 Legrand - Equinix PA6 - C2X36TE-4PAE2M99 - France-440319,0.46164021164021163
PUFFIN 2-440421,0.0
RP-PX3-1730NV + PX3-1872-France-440573,0.0
RP-PX3-1872NV + PX3-191NV-France-440574,0.0
GKA006 - SC - OVH- Cabling acclAIM- Europe-440585,0.4421768707482993
RP-PX3-5260NRH4A4-France-440600,0.0
CETEX SEMITAN-441330,0.0
CKA003 - Interxion Google Platypus Modulan France-441373,0.46428571428571425
GKA001 - Anixter - IBM - Softlayer - STV-4523G/SB-REVD  - France-441381,0.461569416498994
Legrand - Interxion - Digital Ocean -C2W54CE-4PAE2M00 - France-441591,0.4622498274672188
A100 - New room - DC3-441906,0.39285714285714285
SP: Databank France - LDCS France - 34x C2W36TE-4PAE2M99-441966,0.38095238095238093
RP+K-Spie-France-442060,0.4575569358178054
Cabling FDJ - ITX -ORANGE-442474,0.44940476190476186
Legrand - Clemancon - Rexel - C2WG36TE-0AAF2N66/C - France-442665,0.46098901098901096
EXTENSION CHU POITIERS-442892,0.0
SP- LDCS FR 20xCMX-0500-0104 - FR - 442902,0.0
Nesevo-Ubisoft-443285,0.4603174603174603
Anixter - Riptide - TBC - C1S13TS-0ABA154 - France-443290,0.3826232247284878
DC Ain PDU Facilities - 1GBE-443293,0.5047619047619047
CKA003 - Telehouse-Nexpand parts + LG PDU-443307,0.4682539682539682
CKA003 - Telehouse-Minkels CaC + inst-443309,0.38780663780663777
CKA003 - Telehouse-Minkels CaC + inst-443314,0.38780663780663777
CKA003 - Telehouse-Minkels Nexpand Racks acc--443403,0.3843101343101343
CKA003 - Telehouse-Minkels CaC-443406,0.3921063921063921
CKA003 - Telehouse-Minkels CaC--443408,0.39139515455304924
CKA003 - Telehouse-Minkels CaC-443417,0.3921063921063921
ALPHALINK 35 PDU Raritan-443423,0.0
GKA001-SP-Digital Ocean-IX MRS-New POP - EMCU-1-1S -France-443463,0.46098901098901096
CKA001 Equinix -Naver-PDU Servertech-443465,0.3883351790328535
CKA003 - Telehouse-Minkels CaC top fillers-443573,0.3854875283446712
CKA003 - Telehouse-Minkels CaC-443575,0.3921063921063921
CKA003 - Telehouse-Nexpand Racks acc-443578,0.47148394241417496
CKA003 - Telehouse-Modulan-443580,0.3953823953823954
CKA003 - Telehouse-5 x Minkels Racks-443726,0.3883351790328535
CKA003 - Telehouse-Minkels 52U Rack-443727,0.38888888888888884
CKA003 - Telehouse- Minkels CaC top fillers-443728,0.3850793650793651
RP-PX3-5892-443870,0.0
PX3-5749V-V2-444011,0.0
55 Nexpand HDL CAB-444286,0.405079365079365
237 Nexpand HDL CAB-444288,0.4035409035409035
RP-PX3-5730V-V2K2-444369,0.0
RP-PX3-5892-444580,0.0
RP-PX3-5668V -V2 / PX3-5528V-V2-444689,0.0
Thesee POD 12 baies-444743,0.4542124542124542
RP-PX3-4466V+4493V-1GBE-444813,0.0
GKA001 - CKA001 Google MC Platypus - INTERXION // PAR13- France 444956,0.4619047619047619
GKA001 - Anixter - IBM - Softlayer - STV-4523W/SB  - France-444962,0.4633477633477634
CKA001 Interxion - FDJ - MRS3-445009,0.2804232804232804
ORANGE -22D43-011-445140,0.0
ORANGE-22D43-007-445143,0.0
orange-22D43-006-445145,0.29089026915113875
LOT 1 - DCML-445618,0.0
Orange-ND2-445749,0.3011204481792717
orange-ND1-445750,0.3011204481792717
CKA003 - Telehouse-Modulan-PDU-446167,0.3921063921063921
CKA003 - Telehouse-Minkels CaC-446168,0.3921063921063921
CKA003 - Telehouse-Minkels Nexpand Racks-446184,0.3863559608240459
CKA003 - Telehouse-Minkels CaC-446168-446191,0.38780663780663777
CKA003 - Telehouse-Minkels CaC-446193,0.3921063921063921
CKA003 - Telehouse-Minkels FSC-446195,0.3921063921063921
GKA001- Microsoft/DATA 4-DC18-France-446334,0.4440753045404208
GKA001- AWS/DATA 4 -DC19-446344,0.0
RP-PX2-2886-France-447278,0.3942857142857143
FOLIATEAM 30 PDUs Legrand-447441,0.0
CKA003 - Telehouse-LG PDU-447499,0.3963293650793651
CKA003 - Telehouse-Nexpand parts-447501,0.39072039072039066
CKA003 - Telehouse-Nexpand parts-447502,0.39072039072039066
RK- DKX3-432 + DSX2-32-447503,0.0
CKA003 - Telehouse-Raritan PDU-447504,0.5498069498069499
CKA003 - Telehouse-Nexpand parts-447507,0.39072039072039066
CKA003 - Telehouse-Nexpand parts-447508,0.39072039072039066
CKA003 - Telehouse-Minkels Nexpand Racks acc--447509,0.3843101343101343
CKA003 - Telehouse-Modulan+Installation-447510,0.4743271221532091
CKA003 - Telehouse-LG PDU-447511,0.3963293650793651
RP-PX3-5917V-V2 + PX3-5730V-V2-447519,0.0
CKA001 Legrand - Equinix PA3 - C3S36RL-EPJE2MT4 - France-447641,0.46164021164021163
CKA003 - Telehouse-Nexpand Rack+CaC-LG PDU-447774,0.46768707482993194
CKA003 - Telehouse-Nexpand parts-447775,0.39072039072039066
CKA003 - Telehouse-Modulan+Installation-447781,0.4743271221532091
CKA003 - Telehouse-Minkels Nexpand Racks acc--447782,0.3843101343101343
CKA003 - Telehouse-Installation--447783,0.4746642246642246
CKA003 - Telehouse-Nexpand Racks acc-447794,0.47148394241417496
CKA003 - Telehouse-Minkels Nexpand Racks acc--447795,0.3843101343101343
CKA003 - Telehouse-Minkels Nexpand Racks acc--447800,0.3843101343101343
CKA003 - Telehouse-Nexpand Racks acc--447801,0.4707792207792208
CKA003 - Telehouse-LG Other--447804,0.3936507936507936
RP-PX3-5150U-V2-447906,0.0
CKA003 - Telehouse-LG PDU--447974,0.3953823953823954
CKA003 - Telehouse-Modulan+Installation-447976,0.4743271221532091
RP-PX3-4213U-V2-448126,0.0
CKA003 / GKA003 - Global Switch Google MC Pangolin - France 2023 -448137,0.37896825396825395
CKA001 Colt Paris - Microsoft HAC- France--448846,0.3854875283446712
CKA001 Colt Paris - Modulan - France-448899,0.3881506090808416
CKA001 Colt - Nexpand containment - France-448929,0.472108843537415
CKA001 Colt - Nexpand racks - France-448933,0.4768549280177187
LEDGER-449220,0.0
Ledger--449221,0.30952380952380953
LEDGER Baies + PDUs-449223,0.2875457875457876
MAIF DC2 et DC3-449329,0.4588744588744589
MAIF DC2 et DC3 PDUs-449379,0.4532627865961199
RP- PX3-4260R + PX3-4486V-M11-449490,0.0
RP- PX3-5190CR-449506,0.0
CKA003 - Telehouse-Nexpand parts--449823,0.390079365079365
CKA001 RP: Equinix - 12x PX3-5886-449929,0.3892857142857143
RP + RK-450037,0.0
RP-PX3-5722V-V2-France-450511,0.0
RK-SWS-CC-SG-450610,0.0
RP-PX3-5440R-450611,0.0
RP -PX3-5469R-450614,0.0
RK-T1700-450618,0.0
RK-T1700-LED-450619,0.0
RP-PX3-5730V-V2-450624,0.0
RK-SWS-CC-SG-450626,0.0
RP-PX3-5516V-France--450770,0.39329805996472667
RP-PX3-5260NR-H4A4-450771,0.0
RP-PX3-5260NR-H4A4K1-450772,0.0
RP-PX3-1730NV-M18V2-450775,0.0
RP-PX3-1730NV-M18V2-450788,0.0
RK-LCD-CBL20-450796,0.0
RP-PX3-4190CR-450951,0.0
RP-PX3-models R-450955,0.5216450216450216
RP-PX3-450956,0.0
RP-PX3-1045V-450970,0.0
RP-PX3-5722V-V2-France-451137,0.0
RP-4092R-451138,0.0
RP-PX3-4906R-451145,0.0
RP-PX3-1791NV-M18V2-451150,0.0
GKA001-RP - Cisco Paris - Computacenter - Anixter - PX3-5730V-V2 - France-451295,0.3738095238095238
RP +RK-451300,0.0
RP-PX3-5493V-France-451401,0.39377289377289376
RP-PX3-1730NV-M18V2-451429,0.0
RP-SC-451434,0.0
RP-SRC-451594,0.0
RP-PX3-5730V-V2-France-451598,0.0
RP-PX2-2190CR-451730,0.0
P - Blizzard - Nesevo - Legrand France  C2W36TE-4PAE2M99 -France-451932,0.3759221998658619
RP-PX3-5886-452080,0.0
RP-SLC-452103,0.0
SP: Clemancon - Legrand FR - C2WG36TE-0AAF2N66/C - FR-452152,0.46269841269841266
RP-DX2-T3H1-452206,0.0
RP-FR-2300989_Raritan-452214,0.4523809523809524
RP-PX3-5260R-452221,0.0
RP-PX3-5493V-452308,0.0
ST micro-452322,0.0
RP-PX3-1847V-452419,0.0
RP-SLC-452428,0.0
RK-DKX3-432-452526,0.0
CKA003 - Telehouse-Minkels Nexpand Corridor-452541,0.3850793650793651
CKA003 - Telehouse-LG PDU-452542,0.3963293650793651
CKA003 - Telehouse-LG PDU--452543,0.3953823953823954
CKA003 - Telehouse-Nexpand parts-452545,0.39072039072039066
CKA003 - Telehouse-Nexpand parts-452546,0.39072039072039066
CKA003 - Telehouse-Nexpand parts-452548,0.39072039072039066
CKA003 - Telehouse-Nexpand parts--452549,0.390079365079365
CKA003 - Telehouse-Nexpand parts--452551,0.390079365079365
Raritan K +P-452553,0.46365914786967416
RP-PX3-5190R-452555,0.0
RP-PX3-5190R-452557,0.0
RP-SLC-452560,0.0
RP-PX3-5190R-452561,0.0
RP-AWE-FRANCE-452569,0.0
RP-AWE-FRANCE-452571,0.0
RP-Secure cable-452583,0.5010822510822511
GKA001- MSFT- 22AN1159-2 - France-452699,0.0
RP-PX3-5486V-452711,0.0
RP-PX3-5493V-452719,0.0
RP-SLC-452721,0.0
RP-SLC-452728,0.0
RP-SLC-452810,0.0
RK-DLX2-116-452813,0.0
SP: Anixter - Med Services - 48DCWC-08-2X100-B0NB-FR 452814,0.38202851762173795
RK-T1700-LED-FR-452836,0.0
RK-FMM-452943,0.0
RP-PX3-5493V-France-453086,0.39377289377289376
RP-AWE-FRANCE-453090,0.0
RP-PX3-1730V-V2-453118,0.0
RK-CONVERTERS-453296,0.0
RP-CVCI-453304,0.0
RP-PX3-1791NV-M18V2-453325,0.0
RP-PX3-1016V-V2-453328,0.0
RP-PX3-5729R-453334,0.0
RP-Euroinfo-453339,0.2989417989417989
RP-Euro Info-453343,0.29699248120300753
RP-Euro Info-453345,0.29699248120300753
RP-Euro Info-453347,0.29699248120300753
RP-Euro info DX2-T1H1-453348,0.2857142857142857
RP-EURO INFO-453349,0.0
RP-Euro Info-453352,0.29699248120300753
RP-Euro Info-453354,0.29699248120300753
RP-Euro Info-453358,0.29699248120300753
RP-Euro Info-453360,0.29699248120300753
RP-Euro Info-453362,0.29699248120300753
RP-Euro Info-453363,0.29699248120300753
RP-Euro Info-453364,0.29699248120300753
RP-Euro info DX2-T1H1-453365,0.2857142857142857
R-KVM + Power-453371,0.0
RP-PX3-5190CR-Q1-453372,0.0
RP-PX3-5193R-453374,0.0
RP- PX3-5184R-453378,0.0
RP-Serie 3000-453382,0.3976190476190476
RP- PX2-2488-453393,0.0
RP-PX3-5089V-453398,0.0
R-Kvm +PDU-453406,0.0
CKA002 Scaleway-Side Panels+doors-453412,0.3904761904761904
RP-PX3-1842-453413,0.0
RP-PX3-5486V-453423,0.0
RP-PX3-5722V-V2-453426,0.0
RP-PX3-5260R-F5-453506,0.0
RP-?	PX3-5190R-F5Q1-453507,0.0
RP-PX3-5892-A12-453528,0.0
RP-PX3-1730V-V2-453535,0.0
USys - CGG France - CAP Ingelec - FR-453753,0.27740863787375414
RP + K-453771,0.0
RP-PX3-1040U-453976,0.0
RK- D4CBL-ADUPS2-453997,0.0
RP-PX3-5730V-V2-454099,0.0
RP-PX3-5847-454119,0.0
RK-DLX2-116-454122,0.0
RP-PX3-5730V-V2-454128,0.0
PX3-1703-V4-454243,0.0
PX3-1703-V4-454244,0.0
RP -SLC-454246,0.0
RP-SLC-454249,0.0
RP-SLC-454253,0.0
R-P + K-454262,0.0
RP-SLC-454264,0.0
RP-PX3-5260V-454265,0.0
RP-PX3-5466R-454266,0.0
RP-PX3-5440V-M11-454268,0.0
RP-PX3-1045-454270,0.0
RP-PX3-5193R-454272,0.0
RP-PX3-5493V-K1-454275,0.0
RP-PX2-2190NR-454277,0.0
RP+K-PX3-5190R-M11-454280,0.0
RP-DX2-T1H1-454281,0.0
RP-PX3-5730-V2-454285,0.0
RK-D2CIM-DVUSB-DP-454287,0.0
PK- DKX3-116-454291,0.0
RK-DSX2-4-454293,0.0
RK-DSX2-32-454296,0.0
RP-PX3-5260CR-454300,0.0
RP-5486V-454301,0.0
RP-PX3-1493R-Q1 + 1722R-Q1-454302,0.0
RP-PX3-1842V-E2M5A7-454303,0.0
CKA003 Telehouse RP-PX3-158A-N1-454304,0.39139515455304924
RK-D2CIM-DVUSB-DP-454306,0.0
RP-PX3-4190CR-454311,0.0
RP-PX3-5392XV-F2-454312,0.0
RP-PX3-3170-454316,0.0
RP + K-454318,0.0
RK-DKX3-808-454320,0.0
RP -PX3-1911-E2M5V4-454326,0.0
RP-PX3-5190R-M11-454331,0.0
RP-SLC-454338,0.0
RP-Sensors-454419,0.4005602240896358
RK-DSX2-32-454421,0.0
RK-DSX2-32-454422,0.0
RP-PX3-5440V-M11-454423,0.0
RP- PX3-454424,0.0
RP-PX3-5190R-M11-454425,0.0
RP-PX2-2190CR-454426,0.0
RP-PX3-3170-454430,0.0
RP-PX2-2730-454432,0.0
RK-CIM-454439,0.0
RP-PX3-5722V-V2-454441,0.0
RK-DSX2-454442,0.0
RP-PX3-3172-454443,0.0
RK-DSX2-32-454445,0.0
RK-DSX2-48-454446,0.0
RK-DSX2-48-454447,0.0
RP-SRC-0800-454448,0.0
RP-PX3-3170-454449,0.0
RP-PX3-5466R-454450,0.0
RP-PX3-4493V-M11-454451,0.0
RP-PX3-5469R-454452,0.0
CKA001 RP-SRC-0800-454453,0.0
RP-PX3-5193R-454454,0.0
RP-PX3-5440V-M11-454458,0.0
RP-PX3-3170+ 3120-454459,0.0
RP-PX3-5892-454624,0.0
RP-PX3-5892-Montoir-454625,0.39377289377289376
RP-DX-D4C3-454723,0.0
RP-PX3-5892+ PX3-5229W1U-V2-454724,0.0
RK- DKX3-432 + DSX2-32-454728,0.0
RP-PX3-5703-V2-454852,0.0
RK-MCD-LED17108-454880,0.0
RK-DLX2-108-LED-UK-454881,0.0
Legrand - Nesevo - Ubisoft- C2S54CE-4PAE2L00  - France-455101,0.4654176424668228
CKA001 Legrand - Equinix PA4 - C2W36TE-4PAE2M99 - France-455210,0.46164021164021163
RK+P-455213,0.0
RP-PX3-5190R-M11-455223,0.0
RP--455226,0.0
RP-PX3-1730V-V2-455237,0.0
RP-PX2-2190NR-455242,0.0
RP-Total-SML-France-455304,0.4035409035409035
RK-DSX2-32-455308,0.0
RP-PX3-1730V-V2-BIS-455344,0.0
RK-DSX2-8-455514,0.0
RP-Euroinfo-455522,0.2989417989417989
RP-SLC-455525,0.0
RP-PX3-5260R-455528,0.0
RP-PX3-1730V-V2-455555,0.0
PK- DKX3-116-455564,0.0
RP-PX3-models R-455571,0.5216450216450216
RP-PX3-5730-V2-455578,0.0
RP-PX3-5892-A12-456047,0.0
RK-DKX3-464-456052,0.0
GKA001- 23AN0187-1 -Google- Pangolin Modulan - France --456055,0.3812083973374296
RP-PX3TS-1875CR-456073,0.0
GKA001- Anixter- C2W36TE-4PAE2M99- IBM France-456126,0.2747252747252747
RK-D2CIM-DVUSB-DP-456129,0.0
RK-DKX4-101-456147,0.0
RK-D2CIM-DVUSB-DP-456149,0.0
RP-DX2-T1H1-456275,0.0
RP-PX3-1045 and V-456276,0.3948412698412698
RP-Euroinfo-456333,0.2989417989417989
RP-SLC-456336,0.0
DR-DKX3-116-456460,0.0
RP-PX3-1493V-456463,0.0
DCML - Cabling-456474,0.4603174603174603
RK-DSX2-8-456592,0.0
RP+K-456604,0.0
RP-PX3-1190CR-456639,0.0
RP + RK-456810,0.0
RP-PX3-5440V-M11-456812,0.0
DR-DKX3-116-456851,0.0
RP-PX3-1703-V2-456870,0.0
RK-DKX4-101-456959,0.0
RP-SLC-456969,0.0
RK-DKX2-108-LED-FR-456970,0.0
RP-PX3-5440V-M11-457110,0.0
RP-AWE-FRANCE-457116,0.0
DR-DKX3-116-457219,0.0
RP-SLC-457222,0.0
RP-PX3-1730V-E2M11N2V2-457256,0.0
RP-PX3-5847-457257,0.0
RK-CRLVR-1-457348,0.0
RP-SLC-457367,0.0
Projet Mystère-1GBE-PX3-1847-France-457377,0.4444444444444444
RP-PX3-5949U-V2-457384,0.0
CKA001 COLT - MICROSOFT - FRANCE -457387,0.0
CKA001 M: Equinix PA4 survey-457407,0.3904761904761905
MK: GLOBAL SWITCH MMR5 -457517,0.0
BT Blue DC Nantes-457518,0.5075396825396825
RP-PX3-1730V-V2-457519,0.0
La Poste Projet GLUCOSE-457522,0.3984126984126984
RP-PX3TS-1875CR-457659,0.0
RP-PX3-5886-457661,0.0
CKA001 M: Equinix PA3 survey-457671,0.3904761904761905
CKA001 M: Equinix PA2 survey-457678,0.3904761904761905
MD - CKA002-USys-CAP INGELEC -TELEHOUSE High density racks-457691,0.0
RK -D2CIM-HDMI-457796,0.0
UBISOFT-457797,0.0
PLATYPUS-457799,0.0
PAR9-457800,0.0
PAR9 - LED-457802,0.0
PAR9 - Panneaux Modulan-457803,0.3984126984126984
PAR9 - Services RFS1 and RFS2-457804,0.39021164021164023
RP- PX3-1703-V2-457952,0.0
CKA001 RP-PX3-5493V-457988,0.0
RK-DLX2-108-458019,0.0
CKA002 PDU TH3-458071,0.0
CKA002 Telehouse Salle 0S.07-458073,0.4785714285714286
RP-Total-SML-France-458189,0.4035409035409035
RP-PX3-5260R +SC-458190,0.0
RK-DKX4-101-458225,0.0
RK-DKX4-101-458228,0.0
RP-PX3-5730V-V2K1-458410,0.0
RP-PX3-5493V-458412,0.0
CKA002 NEW POD HPC : RACKS + PDU 5K-458494,0.0
RP-PX3-5392XV-F2-458507,0.0
ADP-458521,0.0
RK-T1700-LED-458543,0.0
RP-SLC-458664,0.0
RP-PX3-models R-458698,0.5216450216450216
RP-PX3-5966V-458701,0.0
CKA002 M:Scaleway 43 Cabinets-458722,0.3928571428571428
RP-PX3-5730V-V2K1-458794,0.0
PDU Legrand-458795,0.4656084656084656
RP-PX3-5440V-M11-458803,0.0
RP-PX3-5260R + DX2-T1-458810,0.0
RP-SLC-458815,0.0
TF1 Salle Technique STC PNS2-458938,0.3952380952380952
Legrand - DCML - PTTS-H008-0-02M - France-458971,0.3859126984126984
USys- Universite de Bourgogne IRC Tender-?-FR-458992,0.38278388278388276
RP-SLC-459016,0.0
PX2-2488-459034,0.0
RK-T1700-LED-FR-459109,0.0
ARKEA Chantepie + Rennes-459135,0.3973374295954941
GKA001- Microsoft DH10-459484,0.451559934318555
CKA001 M: Equinix PA10 colo-459489,0.3907563025210084
RP-D2CIM-PWR-459520,0.0
RP-PX3-5516V-459593,0.0
RP -PX3-1911-E2M5V4-459616,0.0
RP-PX3-1909-V2-459619,0.0
RP-PX3-5292V-459638,0.0
SP: Exa Infrastructure - LDCS FR - 24PO016080 - FR-459812,0.5340016708437761
RP-PX3-5190R-F5Q1-459815,0.0
RK_DKX4-101-459820,0.0
PX3-5749V-V2-459824,0.0
CKA001 M:Equinix PA6 Racks-459832,0.39105339105339104
RP-PX3-3411-459855,0.0
RK-MDUTP-20-460178,0.0
RP-PX3-5892-A12-460220,0.0
CKA002 sample for new HPC pod-460227,0.3941798941798942
RK-DKX4-101-460234,0.0
RP-SLC-460575,0.0
RP-PX3-5493V-460622,0.0
RP-button fixer-460626,0.41053391053391053
RP-PX3-5916V-V2-460707,0.0
RK-CRLVR-1-460713,0.0
GKA001-SP-Digital Ocean-IX MRS-New POP - EMCU-1-1S -France-443463--460742,0.45874103065883887
USys-ARTE (Strasbourg)-SANTERN-FR-460743,0.390079365079365
Anixter-IBM Cloud Softlayer-STV-4511K-PAR01-460831,0.5704761904761905
RP -PX3-1911-E2M5V4-460859,0.0
GKA001 - Anixter - IBM - Softlayer - STV-4523W/SB  - France-460867,0.4633477633477634
RP-PX3-5260R +SC-460998,0.0
RP-PX3-1847 + SLC-461029,0.0
RP-PX3-5730-E2V2K2-461128,0.0
RP-PX2-2190NR-461140,0.0
New Office with small DC-461250,0.4834869431643625
New DC - ARTE-461251,0.3976190476190476
RP-PX3-5493V-461255,0.0
DC Ain CERN -373044 -1GBE-461259,0.0
RP-PX3-5260R-M11-461264,0.0
RP-SLC-461272,0.0
CKA001 COLT DH12/13 Microsoft -461293,0.0
RP-PX3-1847-461366,0.0
CKA001 RP-PX3-5528V-V2-461393,0.0
RP-PX3-5730V-V2-461412,0.0
RP-SLC-461541,0.0
RP-DX2 SENSORS-461545,0.0
RP-Sensors-461547,0.4005602240896358
RP+K-DKX4-UST-461662,0.0
RK-LCI-DKX4-UST-461676,0.0
b-com Lannion-461774,0.3976190476190476
Plateforme Ollioules-461775,0.5264550264550264
RP-BCM2-461788,0.0
Lab Rennes-461793,0.3011204481792717
Data Center Bourges-461865,0.4084249084249085
RP+K-DKX4-UST-461890,0.0
RP-PX3-5440R-461904,0.0
RP-PX3-models R-461929,0.5216450216450216
RP-SRC-0100-462238,0.0
Confinement RDC-462279,0.41053391053391053
RK-MCD-LED17116-FR-462286,0.0
RP-PX3-5488V-462364,0.0
RP-DX2-T1-462373,0.0
RP-SLC ICS INFO-462399,0.0
RK-MCD-LED17116-FR-462402,0.0
GKA001 - Anixter - IBM - Softlayer - 18xSTV-4523W/SB-REVC - France-462812,0.4609262883235486
RP-MDUTP-463102,0.0
CKA002 HPC pod-4 X PX3-5528V-V2-463106,0.38972431077694236
RK-D2CIM-VUSB-463113,0.0
RP-PX3-5886V-V2-463121,0.0
Projet Mystère-1GBE-PX3-1847-France-463265,0.4444444444444444
RP-PX3-5493-463639,0.0
RP-PX3-1842V-463641,0.0
RK-DKX3-232-463653,0.0
RK-D2CIM-VUSB-463669,0.0
GKA001 - Anixter - IBM - Softlayer - STV-4523W/SB-REVC - France-463817,0.4619047619047619
GKA001 - Anixter - IBM - Softlayer - STV-4523W/SB-REVC - France-463818,0.4619047619047619
GKA001 - Anixter - IBM Cloud - STV-4523W/SB-REVC - France-463819,0.4641369047619048
INGENOVA 2 x C2WG24TB-4QCD27T0-463824,0.0
RK-D2CIM-DVUSB-HDMI-463852,0.0
RK-DKX3-116-463857,0.0
RP-DX2-T2H2-463871,0.0
RP-PX3-5892-463874,0.0
RP-PX3-4906R-464154,0.0
RK-DSX2-16-464254,0.0
RP+K-464256,0.0
RP-SML-KIT-EKA-AGE-2D-464264,0.0
RP-PX3-5730V-V2-464276,0.0
RK-DLX2-116-LED-FR-464282,0.0
S3NS-464313,0.0
ARKEA POC-464424,0.0
RP-PX3-1847-464693,0.0
LEDGER  PDUs RARITAN -464889,0.0
RP-SLC ICS INFO-464891,0.0
RP-PX3-models R-464896,0.5216450216450216
RK-KVM-3YR-465001,0.0
RP-PX3-4092R-465277,0.0
RP-SRC-0800-465282,0.0
RK-DKX4-101-465382,0.0
RK-DKX3-816-465413,0.0
RK- DKX3-432 + DSX2-32-465417,0.0
RP- RJ45-465441,0.0
RP-DX2-T1H1-465486,0.0
RP-PX3-1730V-V2-465490,0.0
DCML - Phase scientifique Lot 1-465501,0.39223057644110276
RP-PX3-5440V-M11-465554,0.0
RP-PX3-1075R-N1-465558,0.0
RP-DX2-T1H1-465566,0.0
RP-PX3-5260R +SC-465659,0.0
CKA001 - TELEHOUSE MAGNY 2 Phase 1- France 465697,0.0
PX3-3170-465937,0.0
RK-DKX3-816-466011,0.0
RP-PX3TS-1875CR-466015,0.0
GKA002 - Nokia - PDUs Server Tech - France -466025,0.2752380952380952
RP-PX3TS-5191CR-466067,0.0
RP-PX3-5966-M5-466203,0.0
RP-PX3-5916V-V2-466206,0.0
CKA001 M: Equinix PA7 Option 1 43 racks-466290,0.443064182194617
CKA001 M: Equinix PA7 - Option 2 28 racks-466292,0.44246031746031744
RP-PX3-1791NV-M18V2-466298,0.0
ARTE-466393,0.0
RP-PX2-2886-466401,0.0
RP-MCMV 2/12 PX3-5392XV-F2-466511,0.0
RP-PX3-1367T-E2H4M5N1A2-466546,0.0
RK-DSX2-8-466605,0.0
CKA001 COLT PAR1 - B1 - DH1-466655,0.0
RK-DKX4-101-466686,0.0
RP-PX3-5260R-466689,0.0
RK-DKX4-101-466691,0.0
RP-Pasqal-France-466783,0.4575569358178054
RK-DKX3-808-466791,0.0
RP-PX3-4092R-466949,0.0
OXYA Retrofit Cold Corridor Salle 1-466962,0.5444444444444444
RP-PX3-5260R-467008,0.0
PROGRAMME FDI (Fregates de Defense et d'Intervention) - 1GBEC-6e EXEMPLAIRE-467061,0.45842044134727056
PROGRAMME FDI (Fregates de Defense et d'Intervention) - 1GBEC-7e EXEMPLAIRE-467065,0.45842044134727056
RP-PX3-5493V-467070,0.0
RP-PX3TS-1875CR-467290,0.0
RP-SLC-467376,0.0
GKA001-Microsoft/DATA 4-DC20-France-467387,0.4444444444444444
RK-DKX3-108-467410,0.0
GKA002- AWS Amazon /CloudHQ/Lisses-467506,0.3894696089818041
RP-PX3-1486V-467508,0.0
Test new PDU - Freepro-467509,0.451559934318555
RK-CIMS-467589,0.0
RP-Sensors-467626,0.4005602240896358
RP-PX3-467733,0.0
R-P + K-467744,0.0
RP-PX3-5892+ PX3-5229W1U-V2-467745,0.0
RP-PX3-5492XV-F2-467884,0.0
RP-PX3-5193R-467886,0.0
RP-PX2-2886-467995,0.0
CKA001 Equinix - Derichbourg-468032,0.3904761904761905
RP-ADP-PX3-1847U-468097,0.0
RP-PX3-4190CR-468112,0.0
RP-PX3-1703-V2-468238,0.0
RP-PX3-5892-A12-468417,0.0
RP-Euro Info-468420,0.29699248120300753
RP-PX3-5440V-M11-468445,0.0
RP-PX3-1703V-V2K1-468449,0.0
RP-DX2-Sensors-468464,0.3968253968253968
RP-PX3-1730NV-M18V2-468552,0.0
RK-DSX2-468762,0.0
RP-SLC-468785,0.0
RK-DKX3-416-468934,0.0
RP-Euro Info-468949,0.29699248120300753
SP:- Ubisoft - Legrand FR - 3xC2S54CE-4PAE2L00 - FR-469131,0.4668308702791461
RP-PX3-4092R-469153,0.0
RK+P-469276,0.0
RP-PDU-469281,0.0
RP-DX2-T3H1-469351,0.0
Legrand - DTIX - PTTS-H008-0-02M - France-469362,0.3859126984126984
RK-D2CIM-VUSB-USBC-469373,0.0
RP-PX3-1730V-V2-469376,0.0
RP-PX3-1730V-V2-469377,0.0
RP-DX2-T1H1-469526,0.0
RP-PX3-1872NV-M18V2-469528,0.0
RP-PX3-1730NVM18V2 + PX3-1730NV-M18-469529,0.0
CKA001 M: Equinix PA2 - Claranet S50-469653,0.4440753045404208
RP-PX3-5440V-469656,0.0
RP-PX3-5190R-469658,0.0
RP- PX3-SERIE 5000-469709,0.0
RP-PX3-5190R-469720,0.0
RK-SWS-CC-SG-469985,0.0
RP-PX3-1493V-470155,0.0
CKA001 M: Equinix PA4 - Outscale S01:000210-470287,0.44190476190476186
RK-D4CBL-MDP-HDMI-470298,0.0
RP-PX3-5730V-V2-470411,0.0
RP-PX2-2886-France-470455,0.3942857142857143
CKA001 SP: Equinix PA4 - 40xC2W36TE-4PAE2M99 - 24PO016577-FR-470540,0.3859275053304904
RK-D4CBL-MDP-HDMI-470565,0.0
CKA001 Legrand - Equinix PA5 - CC doors-470588,0.46946169772256724
M: Orange - VDR - Projet 23F28-516 Extension - SNC-470590,0.3826232247284878
M: Orange - VDR - Projet 23F28-516 Initiale - SNC-470592,0.3829365079365079
M: Orange - VDR - Projet DOLF : 23F28-522-470595,0.3859126984126984
M: Orange - Amilly - Projet DOLF : 23F28-523-470597,0.46661998132586363
RP-DX-D4C3-470708,0.0
RK-DSX2-32-470711,0.0
RP-PX3-5440V-M11-470818,0.0
RP-DX2-T1H1-470828,0.0
RP-PX3-5000-471108,0.0
RP-PX3-5000-471124,0.0
CKA001 RP-PX3-5190CR-471140,0.0
RK-DKX3-816-471260,0.0
RP-Euro Info--471379,0.29523809523809524
SP: Legrand France - KIT-0020 - France-471561,0.38730158730158726
RP-PX3TS-5191CR-N1-471574,0.0
RP-DSLC-471987,0.0
RP-DX-D4C3-471998,0.0
Legand - Azenn - BDL-C2W36TE-DQME2M99-GN - France-472020,0.3829365079365079
SP: Thesee Datacenter - LDCS France - 360x : C2W36TE-4PAE2M99 - France-472130,0.48917748917748916
SP: S3NS -2-472274,0.0
RP--Serie 4000-472383,0.3968253968253968
RP- PX3-1791U-V2-472538,0.0
RP-PX3-4516-M11-472711,0.0
GKA001 - WoodComms-EOS-Google Cloud-France-BDL-C2W36TE-4DAE2M99-GN--472721,0.5272844272844273
RP-Sensors-472783,0.4005602240896358
RP-PX3-5190CR-473156,0.0
DTIX 2 - Salle APRR-473318,0.4035409035409035
RP-PX3-5292R + 5190R-473454,0.0
RP-PX3-5493V-473702,0.0
RP-PX3-4917-V2-473860,0.0
RP-DX-D4C3-473971,0.0
CKA001 Colt/MSFT IDF rooms-473998,0.44877344877344877
RP-SLC-474115,0.0
EDF-474116,0.0
RP-PX3-5440V-M11-474117,0.0
RP-PX3-5703-V2-474120,0.0
PX3-4906R-474165,0.0
RP-PX3-5486V-474243,0.0
RP-Brackets-474391,0.42063492063492064
RP-PX3-5886-474412,0.0
RP-PX3-5190R-F5Q1-474538,0.0
RP-SLC ICS INFO-474612,0.0
RP-CRLVR-474716,0.0
RK-D2CIM-474718,0.0
